#{"t_start": 1670435113.0904953, "env_id": "jss-v1"}
r,l,t,episode_makespan
-18.060606,681,3.980369,3138
35.878788,674,5.921186,2871
28.40404,680,7.722355,2908
24.161616,684,13.325397,2929
34.262626,667,15.06506,2879
-1.090909,671,16.966123,3054
15.878788,673,22.680363,2970
8.0,654,24.088524,3009
51.434343,651,25.42648,2794
-24.323232,648,30.754224,3169
4.969697,663,32.120082,3024
11.232323,651,33.487495,2993
-14.626263,656,38.830959,3121
20.727273,649,40.169987,2946
1.535354,637,41.491063,3041
33.858586,645,46.823076,2881
15.474747,624,48.118076,2972
46.383838,639,49.441033,2819
54.464646,632,54.734359,2779
22.343434,624,56.016094,2938
84.767677,636,57.312265,2629
57.89899,637,62.626711,2762
34.464646,647,64.10888,2878
54.060606,643,65.6216,2781
36.080808,635,67.014801,2870
31.232323,623,72.129441,2894
32.242424,632,73.558262,2889
57.292929,626,74.918498,2765
55.272727,624,79.537319,2775
40.323232,626,80.859916,2849
34.060606,630,82.21826,2880
-18.060606,623,87.145231,3138
76.484848,622,88.429683,2670
37.89899,624,89.758487,2861
26.181818,623,94.738937,2919
-23.313131,617,96.015977,3164
-19.474747,624,97.312947,3145
44.161616,629,98.619308,2830
41.535354,611,103.905488,2843
2.949495,610,105.175996,3034
34.464646,613,106.453024,2878
16.484848,626,111.563837,2967
73.050505,622,112.834532,2687
59.111111,620,114.108866,2756
39.717172,617,119.317269,2852
25.575758,618,120.600354,2922
61.131313,616,121.857331,2746
40.929293,615,123.197318,2846
26.383838,612,128.152662,2918
52.848485,621,129.450564,2787
28.40404,620,130.795256,2908
40.323232,621,135.997616,2849
2.545455,618,137.327358,3036
9.212121,624,138.699967,3003
36.888889,619,144.002149,2866
42.747475,622,145.288306,2837
26.787879,610,146.559282,2916
-28.767677,623,147.844205,3191
38.505051,617,153.11852,2858
38.10101,613,154.405033,2860
45.575758,618,155.69225,2823
61.737374,615,160.969074,2743
14.868687,615,162.246559,2975
26.585859,614,163.526247,2917
71.232323,620,168.838186,2696
35.474747,620,170.239697,2873
43.151515,611,171.665687,2835
4.565657,616,173.032744,3026
55.878788,625,178.06528,2772
58.505051,617,179.437887,2759
49.010101,616,180.788519,2806
52.444444,612,185.559286,2789
60.727273,614,186.912557,2748
38.707071,615,188.242139,2857
39.717172,609,193.082285,2852
29.616162,608,194.435331,2902
32.040404,612,195.774173,2890
38.505051,621,197.05915,2858
63.555556,617,201.702866,2734
-1.89899,623,203.052744,3058
10.222222,607,204.367295,2998
8.0,610,209.67872,3009
45.171717,618,210.940657,2825
34.464646,617,212.21168,2878
-0.484848,617,217.496834,3051
4.161616,611,218.757375,3028
38.909091,624,220.047276,2856
36.080808,618,221.313416,2870
3.757576,612,226.471081,3030
1.939394,620,227.74966,3039
32.444444,608,229.004334,2888
27.79798,607,234.251541,2911
5.575758,607,235.520682,3021
-39.878788,615,236.788542,3246
44.969697,609,242.050734,2826
21.939394,607,243.307399,2940
51.232323,611,244.576761,2795
38.909091,606,245.836287,2856
27.79798,609,251.099008,2911
10.020202,610,252.366446,2999
33.656566,605,253.617267,2882
26.383838,616,258.891074,2918
15.272727,612,260.170257,2973
37.69697,608,261.436746,2862
20.525253,617,266.705059,2947
-27.757576,622,267.975937,3186
16.686869,609,269.223188,2966
55.070707,608,270.475558,2776
24.161616,617,275.743798,2929
45.979798,606,276.986352,2821
27.393939,611,278.240963,2913
16.686869,610,283.488088,2966
16.686869,610,284.739034,2966
53.252525,608,286.004793,2785
61.131313,613,291.252634,2746
43.353535,602,292.486976,2834
32.242424,610,293.736659,2889
-17.252525,607,295.09306,3134
34.060606,608,300.249613,2880
13.858586,612,301.510319,2980
16.080808,606,302.7526,2969
47.59596,611,308.028962,2813
8.40404,609,309.290418,3007
-1.292929,605,310.55012,3055
34.666667,610,315.791194,2877
7.393939,616,317.054138,3012
41.939394,612,318.304532,2841
39.313131,608,319.557428,2854
49.414141,611,324.807673,2804
42.949495,610,326.073701,2836
50.020202,610,327.333502,2801
20.727273,618,332.597681,2946
31.232323,628,333.880702,2894
11.030303,616,335.13994,2994
37.69697,609,336.406089,2862
42.545455,612,341.679588,2838
35.272727,606,342.931969,2874
20.525253,605,344.189718,2947
58.707071,602,349.444808,2758
33.454545,606,350.687145,2883
9.010101,619,351.96791,3004
53.050505,611,357.24722,2786
57.292929,606,358.507022,2765
32.444444,610,359.772478,2888
20.929293,605,361.022324,2945
22.545455,615,366.316643,2937
43.555556,608,367.578194,2833
64.363636,604,368.830289,2730
55.474747,609,374.112671,2774
66.383838,601,375.347309,2720
14.666667,605,376.596211,2976
30.222222,602,381.847275,2899
2.141414,601,383.090973,3038
78.909091,605,384.353942,2658
58.10101,604,385.603756,2761
35.070707,605,390.874189,2875
78.30303,605,392.127911,2661
29.212121,604,393.391217,2904
38.909091,602,398.247906,2856
35.272727,601,399.574489,2874
11.232323,603,400.889045,2993
26.989899,602,402.140353,2915
31.030303,613,407.423526,2895
47.59596,603,408.659975,2813
55.070707,603,409.89818,2776
16.080808,606,415.168181,2969
45.575758,607,416.426661,2823
4.767677,604,417.68544,3025
29.212121,603,422.860587,2904
63.757576,604,424.096175,2733
46.787879,600,425.32779,2817
50.828283,608,426.574599,2797
61.737374,602,431.825266,2743
50.424242,601,433.055874,2799
31.434343,600,434.289222,2893
16.888889,602,439.54705,2965
55.070707,607,440.803301,2776
46.989899,601,442.053417,2816
60.121212,601,443.29898,2751
10.828283,602,448.563744,2995
22.141414,602,449.808421,2939
53.050505,602,451.046881,2786
11.838384,603,456.313915,2990
41.333333,603,457.579967,2844
57.89899,600,458.82639,2762
43.757576,601,463.772362,2832
57.69697,603,465.133899,2763
56.888889,603,466.469272,2767
22.545455,607,467.817014,2937
29.616162,602,472.333265,2902
73.050505,603,473.654501,2687
26.585859,602,474.994337,2917
52.040404,604,480.197516,2791
90.424242,608,481.515326,2601
56.282828,604,482.87059,2770
42.545455,608,487.887697,2838
78.909091,606,489.19451,2658
74.060606,606,490.537879,2682
47.79798,607,491.855852,2812
59.111111,607,496.601058,2756
62.747475,617,497.969139,2738
69.010101,604,499.320573,2707
77.494949,600,504.240847,2665
84.565657,603,505.545789,2630
65.171717,610,506.899632,2726
37.69697,607,508.227633,2862
70.626263,605,513.27504,2699
73.858586,616,514.643999,2683
19.313131,606,515.950544,2953
31.838384,616,521.108476,2891
55.676768,604,522.344122,2773
45.979798,602,523.648157,2821
24.363636,603,528.68489,2928
68.0,603,530.076436,2712
44.969697,605,531.396393,2826
76.484848,608,532.732975,2670
87.191919,606,537.446833,2617
40.323232,607,538.776335,2849
31.838384,605,540.113756,2891
69.818182,614,545.387429,2703
57.494949,607,546.688477,2764
78.505051,603,547.98644,2660
50.828283,604,553.010415,2797
75.676768,601,554.307456,2674
84.565657,609,555.646284,2630
35.272727,607,556.955392,2874
37.292929,602,561.810887,2864
41.333333,601,563.040719,2844
65.171717,607,564.296947,2726
73.252525,600,569.20128,2686
24.161616,611,570.528326,2929
26.585859,604,571.831848,2917
84.767677,603,573.081515,2629
65.979798,604,577.682026,2722
50.828283,603,578.993481,2797
65.575758,602,580.391352,2724
92.646465,604,585.125338,2590
5.373737,604,586.459401,3022
44.565657,608,587.779336,2828
48.40404,602,592.983045,2809
31.636364,602,594.22365,2892
28.40404,603,595.554978,2908
46.787879,603,596.858808,2817
37.292929,605,602.107951,2864
3.555556,604,603.360117,3031
80.525253,600,604.613244,2650
-2.909091,606,609.381073,3063
47.59596,606,610.627984,2813
25.171717,604,611.868322,2924
49.414141,605,613.111842,2804
83.151515,607,618.342073,2637
36.080808,603,619.60493,2870
76.888889,603,620.855328,2668
64.161616,613,625.661187,2731
59.313131,610,626.907826,2755
77.090909,612,628.157397,2667
44.161616,604,633.094356,2830
67.79798,610,634.371659,2713
60.525253,608,635.713476,2749
50.424242,609,637.085428,2799
54.666667,608,641.691988,2778
60.121212,606,642.982887,2751
88.0,609,644.323323,2613
74.666667,616,649.137872,2679
73.858586,607,650.438276,2683
68.40404,612,651.752933,2710
64.161616,613,656.823866,2731
26.181818,617,658.15695,2919
33.050505,606,659.506178,2885
55.676768,608,660.833373,2773
61.333333,604,665.815719,2745
66.787879,612,667.11057,2718
26.989899,607,668.448592,2915
47.79798,606,673.678501,2812
21.131313,611,674.953142,2944
59.919192,605,676.203361,2752
40.121212,617,677.481181,2850
59.313131,609,682.731538,2755
47.191919,609,683.997068,2815
68.40404,618,685.291497,2710
18.10101,609,690.096896,2959
90.424242,602,691.329153,2601
36.282828,607,692.629433,2869
83.353535,608,697.46979,2636
54.868687,605,698.789867,2777
53.656566,619,700.150086,2783
71.030303,609,701.479023,2697
78.909091,605,706.103681,2658
85.777778,608,707.420833,2624
69.616162,613,708.793748,2704
63.151515,612,713.616521,2736
66.383838,605,714.860845,2720
18.10101,609,716.174232,2959
74.060606,608,721.479709,2682
13.454545,613,722.747154,2982
67.393939,618,724.025072,2715
75.474747,605,725.285586,2675
34.262626,609,730.546511,2879
18.707071,605,731.791356,2956
67.79798,607,733.041824,2713
76.080808,603,738.246139,2672
74.666667,606,739.497242,2679
64.969697,606,740.760685,2727
59.717172,608,745.975075,2753
52.848485,608,747.23646,2787
37.494949,604,748.497104,2863
18.707071,608,749.759325,2956
57.494949,601,755.025439,2764
74.262626,600,756.269562,2681
61.131313,606,757.514704,2746
41.131313,609,762.712129,2845
74.262626,608,763.961972,2681
54.666667,601,765.201931,2778
53.050505,602,766.443921,2786
47.79798,604,771.613253,2812
57.090909,600,772.840603,2766
64.161616,604,774.080581,2731
64.565657,602,779.305847,2729
34.666667,602,780.559884,2877
72.242424,601,781.803388,2691
83.959596,602,787.070565,2633
16.080808,608,788.328214,2969
71.838384,604,789.600877,2693
35.070707,605,790.869319,2875
52.040404,605,796.165852,2791
34.868687,603,797.414574,2876
58.505051,603,798.66666,2759
66.787879,603,803.94093,2718
42.949495,604,805.191431,2836
58.505051,608,806.459067,2759
30.626263,605,807.71325,2897
49.010101,602,812.943584,2806
88.0,612,814.200442,2613
26.181818,606,815.449967,2919
58.30303,608,820.71959,2760
68.20202,616,822.000879,2711
36.686869,605,823.257438,2867
65.171717,611,828.533811,2726
35.676768,611,829.805346,2872
68.20202,613,831.07798,2711
18.909091,608,832.33789,2955
55.474747,609,837.560602,2774
43.757576,613,838.831155,2832
34.464646,615,840.103563,2878
46.181818,614,845.378499,2820
43.757576,603,846.619018,2832
63.959596,614,847.874055,2732
59.111111,611,853.134664,2756
95.070707,611,854.399702,2578
71.636364,605,855.638871,2694
36.282828,616,856.914341,2869
82.747475,616,862.19437,2639
64.767677,613,863.455027,2728
58.10101,609,864.709703,2761
31.030303,619,870.082923,2895
59.111111,610,871.377002,2756
19.919192,608,872.631876,2950
49.212121,605,877.889683,2805
78.30303,603,879.141331,2661
85.575758,610,880.410258,2625
59.717172,604,881.661218,2753
54.262626,612,886.924836,2780
41.333333,603,888.162693,2844
59.313131,609,889.419844,2755
72.040404,619,894.696611,2692
84.363636,609,895.957053,2631
67.59596,606,897.20955,2714
71.030303,620,902.49911,2697
32.848485,605,903.760762,2886
21.333333,609,905.031043,2943
42.141414,606,906.289819,2840
-20.282828,611,911.525248,3149
70.020202,609,912.777952,2702
17.494949,608,914.025381,2962
16.888889,610,919.276694,2965
59.717172,608,920.535123,2753
103.757576,603,921.768421,2535
100.525253,603,923.015939,2551
59.313131,606,928.256127,2755
35.676768,604,929.505532,2872
82.545455,604,930.745745,2640
50.424242,624,936.043807,2799
72.444444,617,937.329758,2690
45.373737,606,938.585767,2824
64.161616,611,943.872445,2731
26.989899,614,945.144147,2915
72.848485,606,946.399856,2688
59.111111,611,947.669894,2756
53.656566,611,952.927596,2783
97.89899,618,954.204267,2564
81.939394,625,955.485532,2643
49.010101,610,960.720872,2806
82.545455,607,961.96605,2640
17.090909,609,963.21793,2964
43.353535,609,968.488477,2834
40.929293,609,969.743292,2846
82.949495,616,971.005042,2638
106.585859,617,972.271847,2521
16.282828,617,977.527359,2968
-6.141414,610,978.789015,3079
2.141414,620,980.058061,3038
56.484848,612,985.316461,2769
-0.484848,616,986.579361,3051
31.636364,605,987.837429,2892
0.525253,612,992.886314,3046
46.181818,619,994.174552,2820
18.707071,609,995.439137,2956
50.222222,618,996.720449,2800
15.070707,612,1001.98174,2974
38.30303,611,1003.242455,2859
15.878788,617,1004.539241,2970
57.89899,612,1009.773267,2762
55.676768,617,1011.045024,2773
28.808081,621,1012.321351,2906
74.464646,608,1017.590571,2680
32.646465,609,1018.852514,2887
56.282828,611,1020.106691,2770
13.050505,608,1021.360352,2984
83.757576,609,1026.612774,2634
21.939394,620,1027.877948,2940
-5.333333,622,1029.158809,3075
65.373737,619,1034.455558,2725
59.919192,615,1035.71355,2752
30.828283,606,1036.954373,2896
26.383838,626,1042.237165,2918
61.333333,614,1043.509089,2745
27.79798,612,1044.767166,2911
40.929293,624,1046.041889,2846
32.444444,611,1051.287966,2888
42.545455,627,1052.584461,2838
34.666667,612,1053.856592,2877
46.383838,608,1059.113826,2819
21.131313,621,1060.393321,2944
84.565657,619,1061.658135,2630
50.626263,621,1066.853429,2798
21.333333,615,1068.112161,2943
93.050505,615,1069.384577,2588
16.080808,614,1070.644758,2969
73.656566,614,1075.843379,2684
57.89899,619,1077.123156,2762
10.626263,621,1078.414866,2996
41.333333,619,1083.720252,2844
48.20202,619,1084.992348,2810
50.626263,620,1086.264104,2798
-0.686869,619,1091.541231,3052
32.040404,615,1092.809958,2890
55.878788,614,1094.090927,2772
96.282828,616,1095.369693,2572
85.373737,613,1100.659835,2626
48.606061,609,1101.917319,2808
87.191919,607,1103.178083,2617
74.262626,611,1108.446556,2681
41.737374,608,1109.704238,2842
54.262626,612,1110.959515,2780
77.89899,612,1116.236368,2663
56.686869,609,1117.502893,2768
43.151515,607,1118.761238,2835
41.737374,613,1120.044759,2842
-4.929293,607,1125.317026,3073
10.222222,610,1126.592388,2998
60.323232,610,1127.862786,2750
36.484848,609,1133.111342,2868
61.737374,609,1134.37985,2743
3.757576,613,1135.661464,3030
-20.282828,604,1140.891118,3149
70.626263,610,1142.14068,2699
49.212121,609,1143.395581,2805
38.30303,611,1144.664709,2859
12.242424,603,1149.921774,2988
20.929293,607,1151.162535,2945
57.292929,607,1152.409797,2765
5.171717,607,1157.663839,3023
54.666667,607,1158.911833,2778
68.20202,605,1160.163067,2711
33.252525,611,1161.419614,2884
7.191919,604,1166.658528,3013
41.535354,601,1167.888343,2843
13.252525,603,1169.122902,2983
62.747475,607,1174.398117,2738
-1.090909,606,1175.647222,3054
56.282828,610,1176.89939,2770
-3.313131,614,1182.160062,3065
94.464646,604,1183.405369,2581
-12.606061,605,1184.653613,3111
74.262626,610,1185.907403,2681
29.212121,606,1191.148664,2904
37.494949,602,1192.384373,2863
40.525253,608,1193.627134,2848
38.30303,605,1198.879634,2859
44.565657,602,1200.122353,2828
61.737374,610,1201.37215,2743
17.494949,605,1206.59833,2962
76.282828,605,1207.841148,2671
77.090909,603,1209.079252,2667
42.141414,603,1210.321723,2840
48.808081,608,1215.591254,2807
42.343434,612,1216.856941,2839
44.363636,606,1218.111595,2829
33.454545,606,1223.372396,2883
44.161616,602,1224.623417,2830
66.989899,606,1225.885743,2717
63.959596,602,1227.136487,2732
53.454545,600,1232.345911,2784
49.414141,603,1233.589703,2804
70.626263,601,1234.824407,2699
65.171717,604,1240.073465,2726
37.69697,600,1241.325032,2862
58.30303,600,1242.557505,2760
74.464646,602,1247.803889,2680
50.020202,600,1249.037334,2801
54.060606,601,1250.274815,2781
42.141414,601,1251.51299,2840
58.707071,600,1256.744591,2758
57.090909,601,1257.98917,2766
75.272727,608,1259.253036,2676
47.79798,603,1264.491767,2812
28.0,604,1265.752433,2910
32.848485,604,1267.010008,2886
73.454545,605,1268.262655,2685
55.676768,605,1273.508137,2773
21.737374,602,1274.746548,2941
39.919192,605,1275.99,2851
65.575758,603,1281.231914,2724
32.444444,604,1282.470711,2888
22.141414,601,1283.702731,2939
82.343434,604,1288.957799,2641
53.656566,605,1290.210604,2783
62.747475,600,1291.476129,2738
80.323232,601,1292.721692,2651
56.282828,605,1297.974267,2770
36.484848,602,1299.212142,2868
75.676768,601,1300.451569,2674
44.565657,600,1305.6887,2828
77.090909,606,1306.937064,2667
54.262626,603,1308.174483,2780
76.484848,609,1309.438492,2670
38.10101,610,1314.717304,2860
59.717172,604,1315.96847,2753
71.030303,606,1317.223355,2697
56.888889,603,1322.491743,2767
27.393939,603,1323.730705,2913
68.20202,601,1324.967906,2711
49.616162,601,1330.207088,2803
30.020202,600,1331.449902,2900
52.848485,602,1332.684403,2787
47.59596,602,1333.921719,2813
54.666667,604,1339.156755,2778
102.343434,602,1340.404153,2542
46.181818,607,1341.661173,2820
36.686869,601,1346.914383,2867
63.757576,601,1348.160085,2733
48.606061,610,1349.448988,2808
53.050505,604,1354.708157,2786
58.707071,601,1355.951547,2758
68.40404,600,1357.208059,2710
70.424242,602,1358.460125,2700
65.575758,601,1363.716876,2724
16.686869,602,1364.954798,2966
26.585859,602,1366.187121,2917
40.323232,603,1371.443673,2849
36.080808,602,1372.679055,2870
79.111111,607,1373.920469,2657
53.454545,601,1375.154529,2784
72.646465,604,1380.422153,2689
78.909091,602,1381.675142,2658
63.959596,604,1382.927913,2732
16.080808,608,1388.204382,2969
57.494949,604,1389.46105,2764
29.212121,605,1390.720004,2904
65.979798,601,1395.974483,2722
31.434343,601,1397.219636,2893
57.090909,604,1398.46235,2766
31.232323,600,1399.700223,2894
56.484848,600,1404.927341,2769
61.131313,603,1406.165942,2746
44.363636,602,1407.415385,2829
9.414141,600,1412.635135,3002
63.151515,606,1413.894766,2736
52.646465,601,1415.141212,2788
63.757576,603,1416.405172,2733
44.363636,601,1421.650823,2829
79.313131,602,1422.908663,2656
68.40404,604,1424.170695,2710
88.0,603,1429.446715,2613
74.262626,601,1430.691625,2681
70.222222,603,1431.936589,2701
72.242424,602,1437.157583,2691
39.111111,600,1438.406079,2855
43.353535,602,1439.646773,2834
52.444444,603,1440.883227,2789
37.292929,601,1446.110508,2864
61.737374,605,1447.357664,2743
66.989899,601,1448.591671,2717
49.818182,602,1453.847242,2802
44.969697,601,1455.084555,2826
88.808081,604,1456.319721,2609
49.010101,604,1457.582071,2806
37.89899,602,1462.842833,2861
50.828283,607,1464.088338,2797
34.868687,603,1465.325125,2876
56.282828,603,1470.580845,2770
2.141414,600,1471.823278,3038
53.252525,603,1473.078505,2785
76.484848,603,1478.357013,2670
54.262626,602,1479.606165,2780
53.858586,604,1480.857306,2782
35.474747,605,1482.109002,2873
15.070707,600,1487.37008,2974
34.868687,602,1488.623145,2876
37.292929,603,1489.874821,2864
6.383838,600,1495.127827,3017
13.656566,601,1496.362274,2981
61.535354,601,1497.604718,2744
63.959596,601,1498.844883,2732
27.393939,601,1504.09045,2913
22.949495,600,1505.322479,2935
44.969697,601,1506.554806,2826
93.050505,609,1511.799186,2588
48.808081,609,1513.050476,2807
41.535354,604,1514.296319,2843
42.949495,605,1519.551745,2836
-19.676768,609,1520.816545,3146
58.10101,604,1522.067131,2761
27.59596,606,1523.340825,2912
79.717172,604,1528.5884,2654
66.585859,602,1529.833598,2719
23.353535,606,1531.078699,2933
51.232323,601,1536.319504,2795
74.262626,600,1537.552722,2681
25.171717,603,1538.800011,2924
41.333333,606,1540.047546,2844
2.747475,601,1545.303862,3035
60.525253,602,1546.551798,2749
84.161616,601,1547.804978,2632
35.676768,603,1553.085287,2872
40.121212,600,1554.336282,2850
80.323232,603,1555.58499,2651
91.636364,601,1560.83077,2595
59.515152,604,1562.093293,2754
33.050505,604,1563.348122,2885
61.737374,601,1564.601308,2743
26.585859,601,1569.822154,2917
27.393939,600,1571.063896,2913
-7.353535,601,1572.304555,3085
49.212121,603,1577.576917,2805
21.333333,600,1578.832297,2943
48.0,601,1580.080119,2811
18.909091,601,1581.32474,2955
43.555556,603,1586.581532,2833
53.252525,600,1587.822769,2785
38.909091,603,1589.076317,2856
34.666667,603,1594.331706,2877
84.161616,603,1595.575758,2632
61.939394,601,1596.814024,2742
56.888889,601,1602.067736,2767
68.0,604,1603.322252,2712
75.676768,601,1604.58449,2674
65.171717,603,1605.830428,2726
54.868687,601,1611.074939,2777
58.707071,601,1612.318325,2758
75.878788,602,1613.565334,2673
61.333333,607,1618.844836,2745
75.272727,605,1620.093085,2676
74.060606,605,1621.332969,2682
50.626263,606,1622.583451,2798
74.868687,611,1627.827306,2678
72.848485,601,1629.065135,2688
26.383838,606,1630.311054,2918
52.444444,606,1635.574075,2789
21.131313,609,1636.834975,2944
72.646465,603,1638.084205,2689
40.121212,601,1643.343123,2850
41.737374,601,1644.587972,2842
0.121212,602,1645.82358,3048
91.030303,604,1647.065072,2598
33.252525,602,1652.282922,2884
65.979798,601,1653.530545,2722
63.151515,601,1654.788812,2736
39.111111,601,1660.051367,2855
55.272727,600,1661.29487,2775
47.79798,602,1662.544397,2812
16.888889,600,1663.786578,2965
70.424242,603,1669.049415,2700
66.989899,604,1670.309574,2717
55.878788,602,1671.577452,2772
56.686869,601,1676.827908,2768
52.040404,600,1678.073178,2791
38.30303,602,1679.325436,2859
12.646465,600,1684.593933,2986
20.121212,601,1685.828876,2949
62.343434,601,1687.060093,2740
19.313131,600,1688.290429,2953
17.494949,604,1693.572798,2962
71.232323,600,1694.825873,2696
73.252525,601,1696.073738,2686
46.787879,602,1701.331745,2817
22.343434,602,1702.581965,2938
68.606061,602,1703.827377,2709
53.858586,602,1705.082635,2782
70.626263,601,1710.341051,2699
14.060606,600,1711.579241,2979
60.121212,605,1712.826379,2751
42.141414,600,1718.05426,2840
5.575758,600,1719.298713,3021
62.141414,602,1720.55444,2741
37.69697,602,1725.787744,2862
116.484848,602,1727.020953,2472
61.131313,604,1728.259121,2746
47.393939,600,1729.499929,2814
40.323232,602,1734.741783,2849
42.747475,602,1735.982942,2837
52.848485,600,1737.219053,2787
65.171717,601,1742.467729,2726
54.262626,601,1743.702909,2780
34.868687,603,1744.941738,2876
69.616162,602,1746.186365,2704
52.646465,600,1751.413862,2788
78.10101,601,1752.648152,2662
64.565657,601,1753.889163,2729
93.656566,602,1759.13154,2585
71.434343,601,1760.374523,2695
76.686869,602,1761.609905,2669
31.636364,600,1766.83094,2892
47.393939,601,1768.06276,2814
54.868687,603,1769.300171,2777
53.858586,601,1770.542138,2782
73.858586,603,1775.801721,2683
56.282828,601,1777.039121,2770
92.040404,602,1778.270999,2593
27.393939,601,1783.421609,2913
47.393939,602,1784.658279,2814
71.030303,601,1785.897157,2697
71.636364,602,1787.130717,2694
97.090909,601,1792.302446,2568
68.808081,603,1793.540873,2708
89.212121,604,1794.785624,2607
50.626263,602,1800.029337,2798
25.575758,605,1801.298328,2922
65.171717,603,1802.555814,2726
38.707071,601,1807.811939,2857
68.0,602,1809.047341,2712
62.141414,602,1810.283754,2741
29.414141,600,1811.525837,2903
71.030303,603,1816.688686,2697
108.20202,601,1817.921016,2513
101.535354,601,1819.15443,2546
94.464646,601,1824.389035,2581
51.636364,600,1825.706914,2793
74.868687,601,1827.111562,2678
30.020202,600,1828.505607,2900
56.484848,601,1833.5128,2769
80.323232,600,1834.760151,2651
58.707071,600,1836.083056,2758
85.575758,600,1841.345948,2625
65.171717,600,1842.593675,2726
91.838384,601,1843.922756,2594
88.606061,601,1845.240511,2610
61.131313,600,1849.857192,2746
51.232323,601,1851.090624,2795
59.313131,601,1852.324503,2755
79.717172,601,1857.55734,2654
103.959596,602,1858.793812,2534
19.111111,602,1860.121044,2954
71.030303,600,1865.444037,2697
65.979798,602,1866.695923,2722
70.626263,601,1867.938142,2699
50.424242,602,1869.189327,2799
77.292929,600,1874.452646,2666
65.979798,601,1875.69934,2722
86.585859,600,1876.947057,2620
57.69697,604,1881.819833,2763
93.656566,606,1883.080897,2585
74.262626,601,1884.383201,2681
88.808081,604,1885.713006,2609
34.464646,604,1890.733021,2878
94.262626,602,1892.058212,2582
89.414141,602,1893.379394,2606
76.888889,606,1898.087381,2668
75.676768,604,1899.403307,2674
71.636364,602,1900.727649,2694
61.131313,603,1905.547964,2746
55.272727,604,1906.849033,2775
73.454545,603,1908.188833,2685
62.141414,602,1909.496408,2741
59.717172,602,1914.468052,2753
36.686869,604,1915.707011,2867
46.585859,603,1916.94505,2818
93.252525,604,1922.216571,2587
72.242424,600,1923.535946,2691
70.222222,603,1924.879852,2701
58.10101,605,1926.232832,2761
62.141414,606,1931.18505,2741
79.717172,604,1932.508461,2654
87.79798,610,1933.848945,2614
79.919192,603,1938.520153,2653
64.565657,604,1939.84689,2729
89.414141,602,1941.168932,2606
120.727273,602,1946.133129,2451
46.585859,603,1947.430326,2818
80.727273,602,1948.732774,2649
52.444444,602,1950.059675,2789
46.585859,602,1954.647407,2818
92.646465,604,1955.896507,2590
90.828283,602,1957.201487,2599
70.424242,600,1961.994446,2700
77.090909,602,1963.309968,2667
51.434343,606,1964.64847,2794
68.606061,605,1969.91255,2709
97.494949,603,1971.172185,2566
63.353535,606,1972.423028,2735
82.949495,609,1973.720793,2638
92.444444,608,1978.363039,2591
96.686869,607,1979.683068,2570
62.949495,603,1981.00524,2737
76.080808,602,1985.871064,2672
75.878788,602,1987.172538,2673
84.969697,603,1988.506737,2628
52.646465,605,1989.829308,2788
88.808081,603,1994.863099,2609
72.242424,603,1996.112545,2691
62.141414,602,1997.362719,2741
72.444444,604,2002.615698,2690
96.888889,603,2003.869273,2569
105.171717,603,2005.184884,2528
86.585859,603,2010.235092,2620
57.494949,602,2011.534493,2764
68.808081,606,2012.888237,2708
94.868687,606,2014.226768,2579
93.252525,605,2018.837869,2587
83.959596,607,2020.174961,2633
64.969697,611,2021.533755,2727
76.686869,604,2026.388697,2669
82.545455,602,2027.71391,2640
54.464646,605,2029.090925,2779
98.909091,602,2030.436235,2559
101.939394,606,2035.705386,2544
63.353535,606,2037.020047,2735
82.343434,603,2038.376657,2641
82.545455,603,2043.112224,2640
68.40404,602,2044.437726,2710
54.060606,605,2045.772814,2781
85.777778,606,2051.044727,2624
101.333333,605,2052.410014,2547
41.535354,605,2053.798455,2843
96.484848,603,2055.122942,2571
81.939394,603,2060.375642,2643
118.10101,603,2061.622313,2464
83.757576,601,2062.863688,2634
106.989899,608,2068.056341,2519
81.535354,604,2069.447706,2645
74.666667,603,2070.836088,2679
56.282828,605,2072.358427,2770
58.30303,603,2077.299958,2760
81.939394,603,2078.543646,2643
91.838384,604,2079.793634,2594
70.828283,602,2084.966569,2698
53.252525,602,2086.204257,2785
46.181818,603,2087.450461,2820
90.828283,605,2092.714296,2599
53.454545,603,2093.975899,2784
56.080808,602,2095.223838,2771
84.161616,600,2096.468006,2632
76.686869,601,2101.690691,2669
61.737374,602,2102.936629,2743
74.464646,602,2104.188959,2680
96.686869,603,2109.429686,2570
37.89899,601,2110.761473,2861
49.818182,600,2112.189371,2802
79.515152,603,2113.491996,2655
69.212121,602,2118.716926,2706
85.575758,603,2119.972153,2625
93.656566,605,2121.215103,2585
64.363636,603,2126.458706,2730
20.929293,601,2127.692007,2945
75.272727,605,2128.959586,2676
71.030303,604,2134.233013,2697
55.272727,601,2135.476856,2775
74.868687,604,2136.718761,2678
86.787879,603,2137.955946,2619
48.20202,601,2143.213821,2810
70.222222,604,2144.487361,2701
52.242424,601,2145.735232,2790
60.323232,603,2150.992092,2750
62.141414,607,2152.236905,2741
50.020202,601,2153.471941,2801
105.575758,602,2154.718064,2526
48.20202,609,2159.997062,2810
86.787879,604,2161.246675,2619
81.939394,609,2162.508715,2643
69.616162,601,2167.759051,2704
80.121212,604,2169.006406,2652
81.131313,602,2170.252324,2647
75.676768,605,2175.507568,2674
51.636364,607,2176.761278,2793
97.89899,604,2178.009181,2564
53.858586,604,2179.261373,2782
63.353535,608,2184.522999,2735
95.878788,605,2185.776999,2574
90.020202,603,2187.027388,2603
106.989899,605,2192.26844,2519
36.686869,601,2193.517292,2867
75.272727,604,2194.78049,2676
75.070707,602,2200.016522,2677
69.616162,604,2201.26876,2704
62.949495,603,2202.522875,2737
56.080808,601,2203.772726,2771
75.070707,605,2209.002404,2677
53.656566,604,2210.261348,2783
30.828283,603,2211.513732,2896
40.727273,601,2216.72369,2847
50.828283,604,2217.987954,2797
68.20202,606,2219.254704,2711
61.737374,605,2220.521191,2743
79.717172,600,2225.749752,2654
50.828283,603,2226.990923,2797
4.969697,606,2228.234822,3024
83.555556,607,2233.488813,2635
79.717172,603,2234.731296,2654
38.505051,606,2235.990787,2858
71.434343,601,2241.231777,2695
86.989899,603,2242.479218,2618
92.242424,608,2243.732073,2592
47.59596,600,2244.9666,2813
81.131313,602,2250.239173,2647
56.080808,602,2251.494471,2771
62.747475,604,2252.749074,2738
77.494949,600,2257.97466,2665
82.343434,605,2259.21702,2641
48.20202,603,2260.463627,2810
31.434343,605,2261.708932,2893
76.282828,601,2266.889027,2671
60.525253,603,2268.128983,2749
61.333333,600,2269.374027,2745
59.515152,601,2274.623755,2754
62.545455,603,2275.880505,2739
78.707071,600,2277.126247,2659
63.353535,603,2282.402696,2735
85.373737,601,2283.646185,2626
75.070707,605,2284.902837,2677
34.262626,603,2286.157603,2879
95.676768,604,2291.435639,2575
71.434343,610,2292.702504,2695
73.858586,603,2293.955251,2683
54.262626,601,2299.216026,2780
69.818182,603,2300.469668,2703
93.050505,602,2301.721089,2588
54.060606,603,2302.968674,2781
95.070707,605,2308.132667,2578
70.424242,603,2309.376013,2700
75.070707,607,2310.620738,2677
75.070707,602,2315.860953,2677
68.0,603,2317.112057,2712
79.919192,611,2318.372123,2653
97.292929,603,2323.632692,2567
72.242424,602,2324.890953,2691
86.989899,603,2326.142519,2618
79.313131,601,2327.395157,2656
77.69697,606,2332.667638,2664
40.323232,609,2333.932281,2849
70.020202,603,2335.183867,2702
77.292929,606,2340.422585,2666
86.787879,608,2341.689302,2619
78.909091,611,2342.959584,2658
84.969697,610,2344.228002,2628
72.848485,607,2349.457298,2688
70.626263,607,2350.700521,2699
21.737374,611,2351.965259,2941
30.828283,604,2357.195072,2896
27.191919,602,2358.432556,2914
101.535354,611,2359.691792,2546
62.545455,603,2364.943383,2739
78.707071,607,2366.203446,2659
45.777778,602,2367.459505,2822
84.767677,604,2368.714246,2629
64.767677,603,2373.978683,2728
33.656566,605,2375.234211,2882
98.10101,607,2376.503602,2563
107.191919,607,2381.787091,2518
36.888889,607,2383.047071,2866
69.414141,604,2384.310766,2705
61.939394,608,2389.581669,2742
37.494949,603,2390.832056,2863
58.10101,601,2392.080884,2761
55.474747,605,2393.337789,2774
82.343434,603,2398.614315,2641
64.161616,602,2399.853189,2731
78.505051,604,2401.091188,2660
73.454545,605,2406.347955,2685
74.868687,606,2407.628652,2678
70.626263,606,2408.885825,2699
88.40404,602,2410.139018,2611
101.535354,609,2415.399346,2546
90.020202,605,2416.640169,2603
81.333333,603,2417.883731,2646
63.757576,605,2423.149946,2733
20.727273,601,2424.409797,2946
73.858586,601,2425.661675,2683
72.242424,606,2430.928074,2691
90.222222,602,2432.179846,2602
66.989899,605,2433.437853,2717
74.868687,602,2434.698037,2678
91.838384,607,2439.970194,2594
85.777778,603,2441.208585,2624
65.575758,606,2442.462017,2724
66.787879,605,2447.645556,2718
53.858586,603,2448.887576,2782
67.191919,602,2450.124024,2716
37.090909,601,2451.357929,2865
83.555556,606,2456.553688,2635
69.010101,604,2457.805948,2707
59.313131,600,2459.039857,2755
76.686869,603,2464.304716,2669
43.555556,604,2465.554264,2833
85.979798,603,2466.792058,2623
91.030303,601,2472.043434,2598
77.292929,610,2473.318769,2666
75.878788,608,2474.585905,2673
66.181818,612,2475.851672,2721
74.464646,601,2481.121753,2680
82.141414,606,2482.378854,2642
90.828283,604,2483.636827,2599
86.989899,609,2488.915979,2618
90.424242,604,2490.173174,2601
77.89899,602,2491.426422,2663
65.575758,604,2496.699955,2724
94.868687,603,2497.963913,2579
99.919192,602,2499.21727,2554
95.878788,606,2500.483516,2574
88.606061,601,2505.743531,2610
25.575758,604,2506.993267,2922
87.59596,606,2508.257473,2615
61.535354,604,2513.540283,2744
75.272727,607,2514.80724,2676
93.252525,603,2516.060305,2587
80.929293,604,2517.31744,2648
84.767677,601,2522.583875,2629
56.282828,602,2523.84151,2770
87.79798,600,2525.0916,2614
31.030303,600,2530.33131,2895
43.757576,600,2531.573064,2832
16.484848,601,2532.809995,2967
84.969697,600,2538.046241,2628
74.868687,603,2539.294802,2678
57.69697,600,2540.537095,2763
41.131313,605,2541.778646,2845
59.717172,604,2547.042498,2753
66.585859,601,2548.286211,2719
85.373737,601,2549.539332,2626
42.747475,600,2554.770233,2837
67.79798,603,2556.010118,2713
71.434343,600,2557.243963,2695
80.525253,609,2558.498775,2650
48.20202,605,2563.763314,2810
62.747475,605,2565.008265,2738
80.121212,602,2566.247722,2652
55.272727,602,2571.493182,2775
88.606061,601,2572.726797,2610
64.565657,604,2573.980712,2729
21.131313,602,2579.236266,2944
35.676768,603,2580.478403,2872
62.949495,603,2581.715157,2737
54.060606,603,2582.955029,2781
69.212121,602,2588.204013,2706
22.949495,608,2589.468179,2935
63.353535,616,2590.730408,2735
86.787879,605,2595.978646,2619
69.212121,604,2597.214719,2706
42.343434,604,2598.455987,2839
57.292929,603,2599.705149,2765
72.242424,605,2604.982602,2691
70.626263,603,2606.222328,2699
77.292929,605,2607.469556,2666
27.79798,609,2612.71961,2911
50.828283,606,2613.970332,2797
71.636364,607,2615.220268,2694
85.777778,604,2620.465637,2624
75.474747,602,2621.715443,2675
14.868687,602,2622.965788,2975
82.343434,614,2624.252336,2641
24.161616,605,2629.526892,2929
73.858586,609,2630.781376,2683
69.010101,602,2632.017443,2707
86.787879,606,2637.233144,2619
45.373737,608,2638.506171,2824
65.575758,609,2639.790069,2724
74.868687,607,2641.051559,2678
76.080808,610,2646.320614,2672
67.393939,609,2647.588326,2715
80.525253,609,2648.850586,2650
66.383838,608,2654.12658,2720
86.383838,605,2655.384585,2621
51.636364,616,2656.653197,2793
63.757576,613,2661.905452,2733
60.323232,604,2663.14343,2750
81.333333,610,2664.406448,2646
56.686869,617,2665.673084,2768
38.505051,611,2670.842014,2858
52.444444,604,2672.077936,2789
49.616162,612,2673.330345,2803
18.909091,616,2678.597132,2955
68.0,615,2679.883006,2712
38.10101,615,2681.162499,2860
58.707071,607,2686.434448,2758
36.484848,613,2687.692038,2868
64.969697,612,2688.951004,2727
68.606061,616,2690.228221,2709
35.272727,618,2695.509428,2874
57.494949,620,2696.77913,2764
68.808081,620,2698.050368,2708
20.727273,619,2703.349981,2946
64.767677,612,2704.626696,2728
79.111111,614,2705.913879,2657
62.747475,615,2711.189235,2738
31.232323,630,2712.516633,2894
63.555556,622,2713.803132,2734
50.020202,618,2715.091933,2801
45.575758,620,2720.387644,2823
68.20202,626,2721.670692,2711
60.323232,620,2722.947825,2750
33.252525,621,2728.215924,2884
50.828283,612,2729.487002,2797
56.080808,622,2730.774395,2771
52.848485,612,2736.030022,2787
36.686869,613,2737.295808,2867
45.373737,614,2738.563988,2824
-24.121212,617,2739.834913,3168
82.343434,613,2745.100167,2641
96.484848,611,2746.374061,2571
30.626263,617,2747.655218,2897
61.535354,613,2752.933324,2744
69.818182,623,2754.217565,2703
37.69697,618,2755.497264,2862
39.717172,612,2760.769271,2852
62.949495,617,2762.047898,2737
57.494949,613,2763.316659,2764
34.868687,614,2764.602907,2876
65.777778,621,2769.902711,2723
46.181818,608,2771.16889,2820
65.979798,612,2772.438823,2722
61.333333,607,2777.702591,2745
50.020202,616,2778.989427,2801
76.080808,612,2780.257409,2672
34.060606,608,2785.566592,2880
66.989899,602,2786.811047,2717
76.080808,609,2788.060936,2672
76.686869,609,2789.325476,2669
54.060606,616,2794.614423,2781
60.121212,612,2795.879445,2751
84.161616,615,2797.143899,2632
60.121212,609,2802.433716,2751
70.020202,615,2803.707206,2702
63.353535,620,2804.992941,2735
60.929293,611,2810.047234,2747
58.707071,620,2811.334379,2758
35.878788,622,2812.633943,2871
76.080808,613,2813.90398,2672
44.363636,619,2819.19729,2829
53.656566,609,2820.461872,2783
41.535354,625,2821.777109,2843
72.242424,624,2827.056561,2691
79.919192,615,2828.327744,2653
38.505051,616,2829.612443,2858
25.171717,618,2834.885388,2924
40.727273,616,2836.151783,2847
22.949495,609,2837.413194,2935
71.636364,610,2838.666359,2694
56.686869,615,2843.955884,2768
67.393939,618,2845.229557,2715
72.444444,609,2846.49223,2690
84.161616,613,2851.786564,2632
75.070707,616,2853.064268,2677
85.373737,610,2854.334312,2626
75.878788,607,2859.621831,2673
45.373737,610,2860.884978,2824
57.494949,609,2862.164509,2764
74.868687,609,2863.430349,2678
57.292929,616,2868.718353,2765
71.636364,605,2869.974707,2694
24.565657,611,2871.240537,2927
10.626263,604,2876.545315,2996
25.373737,610,2877.809376,2923
70.424242,608,2879.070481,2700
29.616162,612,2884.361622,2902
24.565657,616,2885.635912,2927
73.252525,607,2886.897752,2686
69.616162,610,2888.164881,2704
51.838384,609,2893.44198,2792
53.858586,614,2894.716398,2782
52.848485,613,2895.983413,2787
65.575758,608,2901.250713,2724
33.858586,609,2902.511061,2881
34.060606,611,2903.768344,2880
37.69697,616,2909.057676,2862
68.40404,617,2910.34185,2710
66.989899,618,2911.63507,2717
33.656566,613,2912.924451,2882
26.787879,609,2918.196986,2916
69.616162,618,2919.484843,2704
24.969697,610,2920.751631,2925
31.636364,611,2926.023423,2892
77.494949,619,2927.313733,2665
13.454545,612,2928.587566,2982
59.111111,618,2933.849625,2756
-4.929293,610,2935.118076,3073
30.626263,614,2936.390262,2897
88.808081,609,2937.657997,2609
56.080808,609,2942.942913,2771
49.010101,607,2944.204703,2806
-1.69697,611,2945.480652,3057
82.545455,612,2950.769156,2640
34.464646,616,2952.046168,2878
66.787879,606,2953.310829,2718
23.353535,616,2958.626194,2933
42.949495,609,2959.893802,2836
54.868687,614,2961.170578,2777
15.474747,623,2962.467484,2972
85.575758,610,2967.758893,2625
96.888889,621,2969.054756,2569
77.494949,618,2970.341128,2665
72.444444,615,2975.636466,2690
22.949495,620,2976.927158,2935
47.393939,613,2978.20774,2814
86.989899,606,2983.445544,2618
69.010101,613,2984.722564,2707
90.626263,610,2985.987785,2600
67.393939,614,2987.257111,2715
64.363636,618,2992.562742,2730
34.262626,613,2993.833796,2879
70.222222,615,2995.107035,2701
66.585859,612,3000.376241,2719
72.242424,610,3001.624495,2691
53.252525,619,3002.903314,2785
94.262626,625,3008.197683,2582
65.373737,613,3009.463137,2725
39.717172,617,3010.726846,2852
53.656566,616,3011.988949,2783
59.717172,605,3017.228956,2753
72.040404,610,3018.492971,2692
106.181818,612,3019.751958,2523
40.121212,614,3025.04774,2850
56.282828,610,3026.312286,2770
51.636364,609,3027.578279,2793
41.737374,612,3032.867894,2842
50.626263,611,3034.13837,2798
21.737374,605,3035.40531,2941
88.808081,610,3036.669462,2609
80.525253,612,3041.936428,2650
-0.080808,621,3043.238853,3049
67.79798,613,3044.52815,2713
50.828283,613,3049.750414,2797
96.282828,608,3050.99813,2572
78.505051,610,3052.25031,2660
83.555556,613,3057.519043,2635
49.616162,611,3058.793865,2803
53.656566,616,3060.074133,2783
34.262626,616,3061.354194,2879
68.20202,621,3066.635835,2711
65.777778,614,3067.905308,2723
23.353535,619,3069.198509,2933
67.191919,616,3074.478325,2716
38.30303,618,3075.750337,2859
58.909091,605,3076.991156,2757
55.676768,620,3082.282404,2773
20.929293,613,3083.552502,2945
80.727273,618,3084.82317,2649
64.161616,614,3086.08251,2731
77.69697,615,3091.360593,2664
35.878788,615,3092.627794,2871
77.69697,618,3093.902171,2664
83.959596,611,3099.18801,2633
32.040404,616,3100.469231,2890
34.666667,620,3101.751393,2877
77.89899,622,3107.036961,2663
100.525253,612,3108.297436,2551
69.414141,609,3109.559811,2705
83.757576,616,3110.821834,2634
55.474747,615,3116.122434,2774
64.363636,615,3117.402347,2730
76.686869,620,3118.687021,2669
96.282828,618,3124.011334,2572
81.333333,612,3125.29071,2646
36.888889,613,3126.568471,2866
54.868687,632,3131.883243,2777
75.272727,616,3133.159193,2676
106.383838,618,3134.450558,2522
57.494949,621,3135.744822,2764
77.69697,610,3141.022123,2664
38.10101,606,3142.284518,2860
62.343434,633,3143.600397,2740
51.838384,621,3148.911559,2792
59.919192,610,3150.206596,2752
76.888889,607,3151.474563,2668
99.515152,610,3156.755915,2556
39.717172,604,3158.006774,2852
72.646465,612,3159.286324,2689
98.909091,616,3160.566689,2559
49.212121,607,3165.814505,2805
89.212121,609,3167.063401,2607
36.686869,611,3168.315287,2867
-12.808081,618,3173.613612,3112
91.636364,610,3174.899883,2595
94.060606,606,3176.160743,2583
79.717172,603,3181.433049,2654
59.717172,610,3182.695755,2753
80.727273,607,3183.955312,2649
68.20202,606,3185.233746,2711
88.808081,606,3190.502861,2609
97.494949,609,3191.75159,2566
109.818182,609,3193.001087,2505
74.464646,610,3198.255512,2680
31.434343,617,3199.531627,2893
79.717172,625,3200.820717,2654
68.0,604,3202.062229,2712
82.949495,612,3207.326262,2638
87.191919,613,3208.589795,2617
11.232323,612,3209.855282,2993
58.10101,617,3215.167752,2761
75.272727,608,3216.43652,2676
66.989899,613,3217.709332,2717
15.878788,616,3223.005598,2970
17.090909,611,3224.265115,2964
85.777778,610,3225.526941,2624
91.030303,619,3226.79479,2598
21.131313,625,3232.10569,2944
71.030303,609,3233.376549,2697
83.151515,606,3234.63698,2637
29.818182,613,3239.92807,2901
71.434343,610,3241.202458,2695
1.737374,610,3242.480582,3040
53.656566,609,3247.75751,2783
70.424242,609,3249.021368,2700
73.858586,608,3250.289017,2683
88.20202,615,3251.570065,2612
71.838384,617,3256.855243,2693
88.20202,602,3258.109237,2612
68.808081,608,3259.378714,2708
19.919192,619,3264.663615,2950
32.040404,621,3265.945985,2890
73.252525,606,3267.194315,2686
70.020202,603,3272.435993,2702
66.787879,615,3273.701103,2718
62.343434,616,3274.968246,2740
25.171717,608,3276.229023,2924
40.121212,610,3281.506346,2850
57.89899,613,3282.776959,2762
100.121212,608,3284.03653,2553
68.40404,613,3289.310312,2710
74.868687,617,3290.600007,2678
11.838384,605,3291.854782,2990
93.050505,607,3297.137274,2588
84.767677,608,3298.401631,2629
75.878788,603,3299.656776,2673
19.515152,615,3300.936289,2952
84.363636,619,3306.205527,2631
52.848485,613,3307.474763,2787
45.575758,615,3308.75558,2823
26.383838,615,3314.043015,2918
37.292929,608,3315.292811,2864
95.474747,614,3316.560944,2576
67.79798,622,3321.8399,2713
70.424242,612,3323.094818,2700
56.686869,608,3324.353911,2768
77.494949,615,3325.629341,2665
28.40404,615,3330.934373,2908
52.040404,612,3332.204185,2791
65.171717,610,3333.480221,2726
21.939394,617,3338.766021,2940
45.171717,615,3340.045575,2825
73.050505,611,3341.317692,2687
40.323232,616,3346.590009,2849
64.565657,611,3347.853565,2729
36.888889,616,3349.131426,2866
25.575758,610,3350.404529,2922
77.090909,618,3355.672319,2667
18.909091,619,3356.948256,2955
26.585859,611,3358.208747,2917
37.89899,617,3363.49261,2861
30.626263,617,3364.78949,2897
30.424242,613,3366.059391,2898
77.69697,612,3371.343321,2664
59.111111,606,3372.604515,2756
108.0,621,3373.889794,2514
62.545455,617,3375.168901,2739
21.535354,613,3380.415144,2942
56.080808,615,3381.685439,2771
91.030303,613,3382.944496,2598
71.232323,611,3388.207195,2696
63.353535,617,3389.494355,2735
55.272727,610,3390.759486,2775
100.929293,616,3396.074824,2549
74.060606,616,3397.381849,2682
72.646465,610,3398.645942,2689
57.69697,614,3399.926266,2763
90.424242,614,3405.21242,2601
86.585859,615,3406.477448,2620
61.535354,612,3407.73738,2744
64.363636,610,3412.990656,2730
76.888889,623,3414.269176,2668
17.89899,619,3415.546764,2960
90.020202,608,3420.812576,2603
34.666667,616,3422.092159,2877
-9.979798,622,3423.384261,3098
-0.888889,612,3424.656874,3053
58.707071,607,3429.923965,2758
91.434343,612,3431.18874,2596
85.979798,612,3432.471838,2623
53.454545,619,3437.784022,2784
86.787879,612,3439.056948,2619
50.828283,616,3440.336362,2797
26.181818,614,3445.637916,2919
52.242424,611,3446.908523,2790
56.686869,612,3448.183522,2768
52.444444,614,3449.481358,2789
74.262626,615,3454.770126,2681
37.090909,611,3456.027277,2865
93.050505,607,3457.283017,2588
45.171717,617,3462.573546,2825
71.434343,612,3463.847117,2695
63.959596,616,3465.133257,2732
59.111111,608,3470.407733,2756
68.40404,612,3471.680292,2710
39.313131,615,3472.960497,2854
104.161616,610,3474.22863,2533
99.313131,616,3479.523286,2557
106.585859,613,3480.782034,2521
91.030303,611,3482.036047,2598
92.040404,614,3487.312581,2593
74.868687,617,3488.585171,2678
77.494949,617,3489.860798,2665
64.969697,611,3494.929148,2727
32.242424,610,3496.279178,2889
66.585859,619,3497.565273,2719
102.747475,612,3498.825809,2540
32.848485,613,3503.479381,2886
54.666667,610,3504.780786,2778
43.959596,617,3506.097025,2831
75.474747,614,3510.511833,2675
60.323232,610,3511.827195,2750
69.616162,610,3513.134025,2704
90.626263,613,3517.572448,2600
77.494949,610,3518.859893,2665
98.30303,622,3520.149488,2562
64.969697,612,3521.406695,2727
78.707071,616,3526.613004,2659
50.424242,606,3527.863005,2799
53.050505,612,3529.121272,2786
81.131313,606,3534.3604,2647
20.525253,616,3535.624308,2947
78.30303,615,3536.886559,2661
111.636364,613,3538.150086,2496
87.191919,608,3543.428955,2617
62.545455,607,3544.69951,2739
95.070707,606,3545.962306,2578
92.444444,606,3551.238971,2591
37.69697,611,3552.508929,2862
45.373737,607,3553.80264,2824
61.535354,604,3558.24145,2744
44.565657,612,3559.532265,2828
86.383838,607,3560.794599,2621
84.969697,608,3562.055166,2628
71.434343,610,3567.346595,2695
52.040404,609,3568.617912,2791
87.59596,606,3569.881222,2615
95.272727,609,3575.150292,2577
101.131313,613,3576.423501,2548
83.555556,603,3577.663951,2635
83.959596,611,3582.880724,2633
85.575758,610,3584.13758,2625
48.20202,606,3585.384875,2810
102.545455,609,3586.649421,2541
87.393939,604,3591.904634,2616
110.424242,604,3593.146133,2502
108.606061,609,3594.421415,2511
72.242424,607,3599.68163,2691
91.434343,612,3600.939329,2596
77.090909,606,3602.187696,2667
101.737374,610,3607.465866,2545
42.141414,609,3608.726529,2840
41.939394,611,3609.982961,2841
87.393939,606,3611.226674,2616
57.89899,614,3616.513735,2762
105.575758,607,3617.758993,2526
69.818182,613,3619.024996,2703
18.10101,615,3624.289262,2959
77.494949,612,3625.548634,2665
75.272727,606,3626.792236,2676
94.262626,610,3628.047752,2582
2.949495,609,3633.304688,3034
64.565657,605,3634.575351,2729
86.383838,607,3635.83519,2621
44.969697,605,3641.10686,2826
89.010101,615,3642.38955,2608
92.242424,609,3643.641162,2592
64.767677,603,3648.940459,2728
37.090909,613,3650.219295,2865
78.707071,604,3651.480194,2659
51.636364,607,3652.740643,2793
91.636364,602,3658.010413,2595
70.020202,609,3659.283528,2702
101.535354,603,3660.542974,2546
75.878788,607,3665.807139,2673
92.444444,609,3667.062179,2591
68.808081,603,3668.305235,2708
64.969697,608,3673.588204,2727
70.424242,604,3674.841812,2700
29.010101,604,3676.083925,2905
70.828283,607,3677.326132,2698
92.040404,605,3682.570864,2593
85.171717,602,3683.824571,2627
29.818182,604,3685.088996,2901
53.050505,606,3690.359942,2786
78.10101,610,3691.625708,2662
80.121212,606,3692.88511,2652
77.89899,608,3694.168782,2663
84.565657,604,3699.429003,2630
82.343434,604,3700.684266,2641
73.858586,608,3701.942262,2683
36.888889,602,3707.16735,2866
91.636364,610,3708.427383,2595
92.040404,605,3709.677955,2593
50.222222,602,3714.918225,2800
44.363636,605,3716.171673,2829
70.828283,603,3717.428025,2698
58.10101,604,3718.680833,2761
77.494949,608,3723.937873,2665
91.030303,607,3725.195035,2598
44.969697,605,3726.446029,2826
92.848485,606,3731.679474,2589
83.757576,605,3732.935713,2634
106.585859,609,3734.199428,2521
67.79798,612,3739.511012,2713
72.848485,605,3740.777656,2688
83.757576,601,3742.025473,2634
75.474747,605,3743.280851,2675
111.030303,605,3748.497039,2499
69.616162,607,3749.744975,2704
46.383838,603,3750.992488,2819
87.191919,602,3756.216846,2617
77.494949,603,3757.464108,2665
47.191919,607,3758.713478,2815
37.090909,603,3759.965912,2865
95.676768,603,3765.248762,2575
74.868687,604,3766.510562,2678
81.333333,602,3767.762789,2646
71.838384,603,3773.017081,2693
78.505051,606,3774.268707,2660
71.030303,604,3775.521077,2697
51.636364,611,3780.798521,2793
80.727273,605,3782.051626,2649
72.646465,608,3783.311082,2689
74.262626,605,3784.574396,2681
29.212121,609,3789.852008,2904
16.888889,605,3791.114817,2965
50.020202,606,3792.375885,2801
92.040404,604,3797.638176,2593
114.262626,601,3798.872557,2483
79.515152,604,3800.115878,2655
87.191919,601,3801.370083,2617
61.535354,607,3806.656684,2744
67.393939,603,3807.893692,2715
58.505051,601,3809.130405,2759
90.828283,601,3814.383529,2599
64.161616,606,3815.637239,2731
71.030303,603,3816.882779,2697
86.181818,602,3822.120199,2622
25.979798,601,3823.356469,2920
72.444444,602,3824.596038,2690
51.838384,600,3825.834454,2792
52.242424,605,3831.100615,2790
80.323232,606,3832.341853,2651
72.848485,606,3833.586923,2688
66.585859,603,3838.827263,2719
79.515152,602,3840.069161,2655
52.646465,607,3841.329916,2788
81.131313,603,3842.571937,2647
59.313131,603,3847.826483,2755
67.393939,607,3849.079038,2715
71.434343,603,3850.320062,2695
96.282828,605,3855.586606,2572
27.79798,608,3856.85936,2911
51.636364,608,3858.125054,2793
63.555556,610,3863.389841,2734
84.767677,611,3864.667903,2629
85.777778,605,3865.924284,2624
45.171717,607,3867.19486,2825
69.212121,603,3872.428394,2706
86.383838,609,3873.696125,2621
45.979798,604,3874.955138,2821
83.757576,605,3880.22119,2634
83.959596,601,3881.477996,2633
70.424242,605,3882.73506,2700
61.939394,600,3888.006166,2742
37.89899,602,3889.247562,2861
59.717172,602,3890.488135,2753
88.606061,603,3891.730902,2610
42.343434,606,3896.987274,2839
56.888889,604,3898.230718,2767
107.393939,603,3899.474198,2517
85.575758,606,3904.728718,2625
32.444444,604,3905.98601,2888
66.989899,605,3907.248029,2717
41.333333,602,3908.497971,2844
66.181818,605,3913.751944,2721
89.414141,604,3914.997378,2606
65.777778,603,3916.238919,2723
72.040404,604,3921.512567,2692
104.767677,604,3922.758962,2530
71.030303,607,3924.00343,2697
67.393939,608,3929.279543,2715
33.656566,606,3930.54108,2882
65.373737,603,3931.796271,2725
77.494949,602,3933.048094,2665
33.858586,604,3938.300769,2881
65.171717,608,3939.554967,2726
35.474747,605,3940.798235,2873
77.292929,601,3946.037519,2666
91.636364,603,3947.294488,2595
65.373737,602,3948.549527,2725
62.343434,601,3949.804173,2740
50.828283,603,3955.070658,2797
53.656566,603,3956.323104,2783
96.080808,602,3957.584066,2573
66.585859,601,3962.839767,2719
74.464646,603,3964.093355,2680
13.656566,601,3965.347886,2981
60.525253,600,3970.614375,2749
80.727273,601,3971.849218,2649
77.69697,604,3973.103418,2664
58.505051,602,3974.345931,2759
83.757576,600,3979.594835,2634
104.767677,605,3980.836446,2530
64.363636,600,3982.070893,2730
56.484848,604,3987.333568,2769
63.959596,602,3988.574726,2732
46.989899,603,3989.819875,2816
62.141414,601,3991.055436,2741
72.040404,601,3996.280069,2692
11.030303,603,3997.537181,2994
72.040404,601,3998.787876,2692
77.89899,604,4004.016835,2663
37.69697,600,4005.264686,2862
29.010101,604,4006.52368,2905
57.69697,604,4011.749904,2763
57.292929,605,4013.011004,2765
69.414141,603,4014.26509,2705
38.707071,604,4015.537427,2857
65.373737,604,4020.743002,2725
49.616162,603,4021.982434,2803
71.030303,602,4023.244539,2697
45.575758,609,4028.504375,2823
46.383838,603,4029.747123,2819
65.373737,603,4030.984191,2725
62.949495,610,4032.23594,2737
18.10101,601,4037.483726,2959
79.313131,605,4038.731782,2656
4.565657,604,4039.976749,3026
70.020202,608,4045.230936,2702
80.929293,606,4046.476725,2648
73.252525,603,4047.71465,2686
64.363636,601,4052.975069,2730
10.828283,610,4054.233488,2995
80.929293,603,4055.48179,2648
73.858586,605,4056.740593,2683
66.181818,602,4061.970819,2721
35.676768,606,4063.23207,2872
35.474747,604,4064.506112,2873
80.121212,606,4069.771249,2652
42.343434,603,4071.024305,2839
75.070707,612,4072.295085,2677
87.59596,601,4077.568814,2615
68.0,600,4078.813506,2712
41.737374,604,4080.057899,2842
78.30303,604,4081.300867,2661
55.272727,603,4086.564115,2775
102.949495,602,4087.809422,2539
86.989899,600,4089.062231,2618
63.555556,604,4094.341044,2734
91.434343,604,4095.599284,2596
59.919192,604,4096.852938,2752
87.191919,606,4098.11032,2617
69.818182,603,4103.371925,2703
32.646465,602,4104.617721,2887
62.141414,602,4105.855661,2741
78.10101,603,4111.100617,2662
49.212121,604,4112.350362,2805
78.505051,602,4113.602575,2660
80.727273,602,4118.848969,2649
74.262626,603,4120.104736,2681
57.494949,602,4121.362193,2764
97.89899,602,4122.616736,2564
61.333333,601,4127.858595,2745
83.151515,601,4129.103473,2637
80.525253,601,4130.34702,2650
99.313131,601,4135.592843,2557
95.272727,600,4136.83791,2577
46.787879,606,4138.096292,2817
100.929293,601,4139.355342,2549
79.919192,600,4144.638642,2653
61.131313,603,4145.894602,2746
92.242424,600,4147.139621,2592
50.828283,601,4152.414894,2797
73.454545,602,4153.661917,2685
61.535354,600,4154.918101,2744
66.787879,602,4160.170636,2718
75.474747,601,4161.412319,2675
72.848485,601,4162.6514,2688
73.858586,602,4163.898944,2683
79.717172,602,4169.185302,2654
83.353535,600,4170.427614,2636
63.555556,604,4171.667106,2734
54.666667,601,4176.899304,2778
64.161616,601,4178.137711,2731
48.606061,602,4179.390707,2808
55.878788,600,4180.626793,2772
26.787879,602,4185.809348,2916
29.616162,603,4187.051175,2902
50.828283,602,4188.289994,2797
69.818182,600,4193.537624,2703
83.555556,603,4194.799223,2635
46.383838,602,4196.048887,2819
66.383838,603,4201.315419,2720
68.606061,607,4202.570229,2709
58.707071,601,4203.807132,2758
57.090909,601,4205.05412,2766
41.131313,604,4210.315596,2845
95.272727,602,4211.557155,2577
69.616162,602,4212.793364,2704
70.222222,600,4218.040299,2701
78.30303,605,4219.297722,2661
89.212121,604,4220.560041,2607
58.505051,602,4221.808861,2759
57.69697,605,4227.10245,2763
57.292929,604,4228.365786,2765
85.575758,601,4229.626946,2625
58.30303,602,4234.901458,2760
57.292929,602,4236.142322,2765
69.616162,603,4237.389687,2704
67.393939,601,4242.66009,2715
70.424242,602,4243.90237,2700
87.393939,603,4245.154665,2616
89.818182,601,4246.399874,2604
58.909091,602,4251.655285,2757
56.888889,602,4252.890343,2767
32.242424,603,4254.135841,2889
67.59596,601,4259.386033,2714
58.10101,601,4260.628032,2761
30.626263,602,4261.86628,2897
65.979798,602,4263.117687,2722
72.242424,604,4268.377502,2691
88.606061,602,4269.619465,2610
49.616162,605,4270.869228,2803
73.454545,601,4276.128409,2685
84.565657,602,4277.370214,2630
53.050505,601,4278.606003,2786
100.727273,604,4283.857909,2550
71.434343,603,4285.116155,2695
84.363636,603,4286.375185,2631
66.989899,602,4287.626287,2717
92.848485,602,4292.903576,2589
77.69697,604,4294.152424,2664
59.515152,600,4295.407095,2754
65.373737,604,4300.613339,2725
57.89899,603,4301.852351,2762
66.787879,601,4303.08968,2718
98.909091,601,4304.33042,2559
83.151515,608,4309.548669,2637
84.767677,605,4310.820447,2629
79.313131,604,4312.073155,2656
51.636364,603,4317.337409,2793
65.575758,609,4318.592508,2724
75.878788,602,4319.833598,2673
82.747475,603,4325.087644,2639
94.060606,603,4326.345025,2583
91.232323,605,4327.602917,2597
98.909091,603,4328.857784,2559
66.181818,607,4334.142271,2721
76.888889,605,4335.3941,2668
104.969697,601,4336.635554,2529
12.444444,604,4341.931178,2987
65.575758,605,4343.184568,2724
57.292929,603,4344.446113,2765
90.222222,600,4345.699432,2602
54.464646,609,4350.981926,2779
79.717172,603,4352.222195,2654
85.373737,600,4353.45998,2626
54.262626,607,4358.723463,2780
71.030303,607,4359.972683,2697
54.464646,603,4361.220064,2779
80.929293,608,4366.48385,2648
69.212121,601,4367.723053,2706
95.272727,605,4368.967758,2577
86.383838,604,4370.215145,2621
74.262626,608,4375.453072,2681
47.79798,606,4376.705587,2812
74.060606,607,4377.957303,2682
58.909091,602,4383.1765,2757
84.969697,609,4384.452671,2628
100.323232,610,4385.725518,2552
98.10101,606,4386.992081,2563
41.535354,606,4392.258695,2843
59.717172,601,4393.496161,2753
53.252525,603,4394.740794,2785
74.666667,610,4400.026315,2679
69.010101,601,4401.283661,2707
69.414141,603,4402.536815,2705
30.626263,606,4407.811423,2897
54.262626,606,4409.072259,2780
60.929293,603,4410.327385,2747
45.373737,606,4411.601649,2824
71.232323,613,4416.885337,2696
74.262626,605,4418.128728,2681
55.878788,603,4419.378903,2772
102.343434,604,4424.628139,2542
55.272727,605,4425.87445,2775
64.767677,602,4427.11722,2728
17.89899,607,4432.36846,2960
77.89899,607,4433.61489,2663
43.353535,609,4434.87651,2834
78.30303,608,4436.123753,2661
80.929293,608,4441.412697,2648
68.606061,605,4442.68193,2709
71.030303,604,4443.936203,2697
79.111111,611,4449.198241,2657
30.020202,620,4450.475971,2900
22.949495,610,4451.738655,2935
43.151515,610,4453.007155,2835
36.484848,608,4458.253622,2868
64.767677,612,4459.539745,2728
40.525253,608,4460.803589,2848
63.151515,610,4466.044205,2736
80.121212,607,4467.29399,2652
54.666667,603,4468.544787,2778
58.10101,608,4473.825198,2761
43.959596,606,4475.083531,2831
81.131313,613,4476.364359,2647
71.030303,615,4477.655436,2697
61.131313,611,4482.945623,2746
80.525253,615,4484.238812,2650
63.959596,607,4485.507265,2732
71.030303,612,4490.791342,2697
39.919192,606,4492.045819,2851
55.070707,610,4493.306365,2776
46.585859,606,4498.557491,2818
31.636364,610,4499.827544,2892
46.181818,608,4501.090851,2820
52.242424,614,4502.372041,2790
51.030303,606,4507.655995,2796
48.20202,607,4508.919187,2810
57.090909,608,4510.183779,2766
73.858586,611,4515.472312,2683
60.727273,613,4516.742978,2748
42.545455,604,4518.002095,2838
61.131313,613,4523.306888,2746
-18.666667,605,4524.557621,3141
36.484848,607,4525.806279,2868
15.676768,612,4527.06351,2971
76.888889,612,4532.350168,2668
38.505051,610,4533.623549,2858
69.414141,613,4534.883809,2705
62.545455,609,4540.131807,2739
25.171717,606,4541.382051,2924
32.242424,601,4542.622094,2889
39.111111,608,4543.876653,2855
29.010101,610,4549.142906,2905
52.444444,606,4550.396796,2789
42.545455,602,4551.637076,2838
53.252525,615,4556.920054,2785
44.767677,611,4558.208429,2827
73.858586,615,4559.49258,2683
36.282828,607,4564.742279,2869
22.949495,608,4565.995723,2935
40.929293,610,4567.25185,2846
-22.10101,608,4568.512265,3158
69.818182,610,4573.79151,2703
61.333333,608,4575.040465,2745
36.686869,608,4576.295788,2867
63.151515,604,4581.551389,2736
53.252525,604,4582.791982,2785
40.929293,603,4584.039973,2846
47.393939,607,4589.297578,2814
70.424242,606,4590.552001,2700
53.454545,608,4591.804196,2784
65.171717,602,4593.041039,2726
26.787879,606,4598.308601,2916
88.40404,605,4599.560866,2611
-1.292929,605,4600.804775,3055
54.060606,604,4606.057761,2781
22.141414,603,4607.314354,2939
85.979798,604,4608.583458,2623
75.272727,602,4609.837967,2676
87.79798,604,4615.099164,2614
55.878788,605,4616.340868,2772
79.313131,604,4617.58363,2656
44.363636,601,4622.851003,2829
61.535354,603,4624.114645,2744
73.050505,600,4625.375259,2687
57.69697,607,4630.646973,2763
63.757576,607,4631.894203,2733
52.444444,602,4633.133344,2789
57.69697,601,4634.388255,2763
52.242424,603,4639.448512,2790
50.626263,603,4640.703989,2798
77.89899,602,4641.952332,2663
110.626263,603,4647.18746,2501
39.717172,607,4648.436594,2852
44.969697,600,4649.685142,2826
41.333333,601,4650.918102,2844
70.020202,606,4656.205907,2702
45.575758,606,4657.471409,2823
42.545455,604,4658.726729,2838
30.222222,607,4664.037067,2899
99.313131,602,4665.293331,2557
24.161616,602,4666.574727,2929
80.323232,608,4671.837857,2651
80.323232,609,4673.092585,2651
69.616162,612,4674.383018,2704
98.10101,605,4675.628079,2563
82.141414,606,4680.893329,2642
95.070707,601,4682.143518,2578
52.444444,607,4683.416351,2789
82.343434,603,4688.687076,2641
40.929293,606,4689.94528,2846
77.090909,611,4691.203693,2667
90.020202,604,4696.482116,2603
82.747475,608,4697.747622,2639
52.444444,601,4698.999002,2789
36.484848,603,4700.264425,2868
67.393939,608,4705.541201,2715
67.79798,605,4706.796904,2713
83.555556,603,4708.049088,2635
92.848485,603,4713.280264,2589
97.090909,605,4714.543439,2568
21.939394,604,4715.797326,2940
48.20202,605,4717.064264,2810
85.979798,602,4722.281393,2623
95.272727,600,4723.529667,2577
101.737374,603,4724.79049,2545
50.222222,604,4730.056285,2800
102.747475,602,4731.306129,2540
68.20202,606,4732.563837,2711
89.616162,604,4737.78843,2605
110.222222,609,4739.050353,2503
110.222222,602,4740.308646,2503
86.989899,603,4741.560395,2618
86.181818,602,4746.736477,2622
98.10101,604,4747.974656,2563
91.030303,609,4749.225599,2598
96.888889,604,4754.415574,2569
84.161616,605,4755.664175,2632
88.808081,603,4756.901721,2609
78.707071,605,4758.143512,2659
72.444444,602,4763.409979,2690
66.383838,606,4764.672293,2720
85.979798,603,4765.93064,2623
91.030303,607,4771.190841,2598
103.757576,602,4772.439166,2535
71.434343,601,4773.677348,2695
85.373737,603,4778.907019,2626
90.626263,603,4780.154098,2600
107.59596,602,4781.406131,2516
50.222222,602,4782.652948,2800
84.767677,605,4787.917472,2629
58.10101,608,4789.176262,2761
69.212121,605,4790.436949,2706
60.929293,610,4795.696537,2747
59.313131,603,4796.936542,2755
39.111111,603,4798.181524,2855
90.626263,603,4799.429153,2600
65.171717,604,4804.708127,2726
77.090909,607,4805.973803,2667
95.070707,602,4807.223024,2578
90.020202,607,4812.50727,2603
64.767677,605,4813.761217,2728
121.535354,605,4815.019601,2447
86.585859,602,4820.293801,2620
56.080808,610,4821.568479,2771
106.989899,607,4822.827003,2519
74.262626,602,4824.08113,2681
94.464646,606,4829.355891,2581
89.010101,609,4830.621471,2608
74.868687,607,4831.876547,2678
91.434343,615,4837.171061,2596
106.787879,602,4838.424168,2520
72.848485,611,4839.693583,2688
64.767677,602,4844.965814,2728
70.222222,608,4846.234781,2701
38.30303,603,4847.490209,2859
90.020202,602,4848.742941,2603
102.949495,606,4854.01908,2539
83.757576,601,4855.270558,2634
71.838384,609,4856.542537,2693
80.323232,605,4861.810916,2651
91.636364,603,4863.062692,2595
82.747475,601,4864.450947,2639
102.141414,603,4865.858145,2543
91.434343,610,4870.268843,2596
101.737374,606,4871.595144,2545
80.929293,608,4872.920673,2648
58.30303,604,4877.707218,2760
80.525253,602,4879.011462,2650
103.555556,606,4880.350023,2536
91.232323,605,4885.173228,2597
78.10101,607,4886.48752,2662
91.838384,604,4887.807646,2594
96.888889,605,4889.154733,2569
102.747475,605,4893.813408,2540
94.666667,605,4895.128119,2580
88.606061,606,4896.491886,2610
85.373737,604,4901.300221,2626
103.757576,604,4902.643759,2535
105.171717,606,4903.967161,2528
78.505051,612,4908.980941,2660
123.959596,604,4910.225595,2435
75.676768,607,4911.547372,2674
106.181818,603,4912.843796,2523
79.111111,604,4917.437934,2657
107.79798,603,4918.762563,2515
106.989899,604,4920.078705,2519
81.535354,603,4925.002631,2645
104.161616,604,4926.254851,2533
78.707071,601,4927.563673,2659
110.020202,603,4928.873567,2504
107.191919,602,4933.53022,2518
56.484848,605,4934.844143,2769
65.777778,602,4936.172431,2723
41.939394,610,4941.486433,2841
61.333333,606,4942.748602,2745
51.636364,601,4943.999891,2793
93.656566,604,4949.284064,2585
120.323232,602,4950.568808,2453
110.626263,603,4952.036701,2501
71.030303,604,4953.497589,2697
65.171717,603,4958.636008,2726
69.414141,615,4959.977613,2705
110.828283,607,4961.346255,2500
63.757576,610,4966.262781,2733
64.767677,606,4967.530391,2728
90.020202,603,4968.784626,2603
48.40404,605,4970.045151,2809
80.727273,601,4975.280732,2649
79.515152,606,4976.532632,2655
85.777778,606,4977.784645,2624
110.828283,601,4983.06001,2500
39.515152,605,4984.31993,2853
74.464646,610,4985.592161,2680
68.808081,605,4990.854236,2708
78.909091,601,4992.108962,2658
105.575758,602,4993.369825,2526
98.707071,603,4994.623219,2560
101.737374,602,4999.901324,2545
60.323232,605,5001.159905,2750
105.575758,600,5002.410957,2526
105.979798,604,5007.680434,2524
65.171717,602,5008.922076,2726
34.060606,601,5010.160795,2880
95.676768,602,5011.405142,2575
87.79798,602,5016.675987,2614
86.181818,601,5017.933255,2622
75.272727,605,5019.193638,2676
101.333333,604,5024.468398,2547
101.737374,601,5025.703328,2545
78.10101,606,5026.950429,2662
95.474747,601,5032.217738,2576
94.464646,602,5033.477388,2581
63.353535,604,5034.722877,2735
30.020202,601,5035.963124,2900
60.727273,602,5041.197406,2748
91.232323,602,5042.4446,2597
44.565657,601,5043.694907,2828
92.646465,601,5048.963014,2590
77.89899,602,5050.219278,2663
69.010101,600,5051.472796,2707
74.060606,601,5052.726974,2682
67.393939,600,5057.991469,2715
88.808081,601,5059.241045,2609
96.484848,602,5060.501621,2571
73.252525,601,5065.751473,2686
93.656566,607,5067.002036,2585
74.060606,602,5068.244276,2682
83.151515,605,5073.499923,2637
65.777778,600,5074.761327,2723
68.20202,601,5076.004185,2711
96.888889,602,5077.252688,2569
50.626263,603,5082.495583,2798
56.080808,603,5083.742004,2771
64.969697,603,5084.989366,2727
62.949495,605,5090.243994,2737
104.767677,601,5091.485765,2530
35.878788,600,5092.717314,2871
94.464646,601,5093.964036,2581
55.878788,603,5099.219857,2772
96.888889,602,5100.459352,2569
55.878788,602,5101.692855,2772
56.080808,607,5106.95286,2771
102.747475,601,5108.189005,2540
82.949495,603,5109.444771,2638
71.030303,601,5114.713386,2697
42.949495,604,5115.954613,2836
53.656566,604,5117.196095,2783
79.515152,602,5118.437803,2655
42.545455,604,5123.705678,2838
74.464646,605,5124.950845,2680
90.222222,605,5126.194287,2602
68.0,606,5131.460972,2712
65.777778,606,5132.703596,2723
75.878788,603,5133.946971,2673
75.676768,608,5135.197471,2674
47.79798,606,5140.378734,2812
91.434343,605,5141.624658,2596
89.414141,603,5142.862144,2606
100.323232,610,5148.093004,2552
83.151515,603,5149.344605,2637
71.030303,608,5150.599488,2697
87.191919,603,5155.859812,2617
70.020202,605,5157.114553,2702
59.919192,604,5158.36918,2752
95.676768,602,5159.63274,2575
79.313131,604,5164.886906,2656
90.828283,608,5166.134767,2599
97.292929,604,5167.381024,2567
71.434343,605,5172.646484,2695
55.878788,613,5173.906251,2772
56.888889,602,5175.157869,2767
23.353535,605,5180.423727,2933
61.939394,605,5181.667388,2742
73.050505,606,5182.912872,2687
75.474747,606,5184.184094,2675
35.272727,605,5189.465322,2874
84.767677,601,5190.700353,2629
109.414141,603,5191.93858,2507
84.363636,606,5197.181327,2631
91.232323,604,5198.425183,2597
85.979798,603,5199.67501,2623
99.515152,606,5200.918834,2556
105.777778,605,5206.172538,2525
69.414141,607,5207.42423,2705
84.363636,605,5208.663299,2631
101.939394,604,5213.914363,2544
98.505051,604,5215.161813,2561
45.373737,601,5216.400775,2824
106.383838,603,5221.626949,2522
78.707071,604,5222.870155,2659
73.050505,605,5224.114834,2687
83.151515,602,5225.367316,2637
63.757576,600,5230.613334,2733
67.79798,603,5231.853564,2713
78.30303,605,5233.096113,2661
87.59596,605,5238.343172,2615
88.20202,604,5239.600593,2612
69.818182,603,5240.904318,2703
76.484848,603,5242.156744,2670
86.585859,605,5247.437292,2620
83.555556,603,5248.691698,2635
80.323232,602,5249.963498,2651
57.89899,603,5255.250892,2762
67.191919,603,5256.5202,2716
99.313131,604,5257.774448,2557
74.868687,603,5263.015,2678
110.828283,603,5264.27453,2500
60.121212,603,5265.536941,2751
86.181818,605,5266.789836,2622
78.10101,603,5272.064955,2662
72.848485,605,5273.327016,2688
96.484848,606,5274.591889,2571
91.838384,605,5279.864638,2594
108.0,604,5281.13183,2514
91.434343,605,5282.397325,2596
82.545455,603,5283.66017,2640
91.030303,600,5288.925027,2598
95.272727,604,5290.186755,2577
59.919192,606,5291.459498,2752
72.040404,613,5296.742854,2692
70.020202,606,5297.998392,2702
57.494949,607,5299.262254,2764
91.030303,603,5304.537297,2598
30.828283,605,5305.808077,2896
90.424242,606,5307.06833,2601
107.191919,602,5308.323154,2518
77.89899,603,5313.569195,2663
72.444444,603,5314.811149,2690
109.414141,604,5316.056612,2507
63.353535,604,5321.286742,2735
55.878788,608,5322.549721,2772
51.434343,608,5323.812221,2794
96.484848,602,5329.073951,2571
82.949495,604,5330.319026,2638
52.646465,603,5331.568377,2788
68.20202,606,5332.815422,2711
68.808081,605,5338.022414,2708
78.707071,604,5339.269865,2659
63.757576,611,5340.531655,2733
107.393939,603,5345.757769,2517
92.444444,603,5347.004951,2591
86.787879,602,5348.246174,2619
66.787879,605,5349.50164,2718
59.111111,600,5354.785105,2756
99.515152,600,5356.039542,2556
84.363636,606,5357.299245,2631
53.252525,608,5362.579398,2785
53.252525,601,5363.830292,2785
44.565657,605,5365.090764,2828
86.787879,605,5370.352248,2619
86.181818,604,5371.616094,2622
71.030303,614,5372.890211,2697
90.424242,608,5374.157697,2601
88.606061,607,5379.430196,2610
109.414141,611,5380.695714,2507
54.666667,610,5381.970484,2778
67.59596,606,5387.236231,2714
92.242424,606,5388.482827,2592
80.929293,606,5389.730207,2648
70.828283,607,5395.004328,2698
96.888889,601,5396.244222,2569
60.323232,604,5397.491686,2750
69.818182,609,5398.763885,2703
80.121212,604,5404.002671,2652
87.79798,608,5405.252073,2614
97.89899,608,5406.507206,2564
99.111111,609,5411.763263,2558
70.828283,608,5413.009113,2698
106.585859,606,5414.256916,2521
56.888889,601,5415.49413,2767
95.676768,603,5420.754151,2575
75.676768,609,5422.039404,2674
86.383838,605,5423.293028,2621
80.929293,609,5428.580901,2648
59.919192,605,5429.84045,2752
88.606061,603,5431.090595,2610
82.343434,606,5436.38696,2641
54.464646,608,5437.654872,2779
63.151515,604,5438.913759,2736
76.686869,604,5440.170517,2669
95.272727,605,5445.43109,2577
94.464646,609,5446.695839,2581
91.434343,604,5447.957544,2596
53.656566,606,5453.192167,2783
76.484848,601,5454.435022,2670
61.939394,606,5455.682654,2742
64.767677,608,5456.941503,2728
94.868687,608,5462.212204,2579
101.333333,605,5463.47568,2547
98.30303,609,5464.749998,2562
48.0,602,5470.011236,2811
105.979798,601,5471.259117,2524
84.565657,604,5472.524029,2630
43.959596,603,5477.795404,2831
102.949495,601,5479.032531,2539
87.191919,603,5480.278386,2617
102.141414,603,5481.519722,2543
46.787879,601,5486.745804,2817
71.636364,603,5488.007004,2694
109.616162,603,5489.262705,2506
77.292929,603,5494.531422,2666
70.222222,601,5495.780097,2701
100.121212,603,5497.037792,2553
74.868687,605,5498.301501,2678
92.848485,603,5503.577128,2589
101.131313,600,5504.831145,2548
71.838384,600,5506.081763,2693
97.69697,602,5511.319952,2565
66.383838,604,5512.571104,2720
84.565657,603,5513.813355,2630
69.010101,603,5519.066729,2707
27.191919,600,5520.313296,2914
93.252525,603,5521.566367,2587
86.181818,600,5522.816928,2622
57.292929,600,5528.001923,2765
89.616162,603,5529.244168,2605
108.808081,601,5530.481311,2510
67.191919,600,5535.637851,2716
95.272727,603,5536.876733,2577
17.292929,600,5538.118134,2963
102.949495,602,5539.36178,2539
73.656566,601,5544.603879,2684
112.040404,601,5545.838673,2494
112.242424,602,5547.074047,2493
72.444444,606,5552.338665,2690
57.69697,608,5553.607715,2763
52.242424,602,5554.859788,2790
81.333333,602,5560.118645,2646
95.070707,604,5561.3773,2578
58.505051,600,5562.623582,2759
69.616162,604,5563.901542,2704
47.59596,603,5569.177938,2813
118.505051,603,5570.437347,2462
64.161616,601,5571.692284,2731
26.383838,604,5576.953204,2918
94.666667,601,5578.20628,2580
84.363636,604,5579.471154,2631
82.747475,601,5580.721981,2639
98.909091,606,5585.98855,2559
75.878788,605,5587.247798,2673
50.424242,601,5588.506963,2799
82.545455,604,5593.814746,2640
106.787879,601,5595.066917,2520
76.888889,600,5596.317565,2668
92.040404,607,5601.600433,2593
90.020202,607,5602.855798,2603
106.585859,604,5604.105588,2521
46.383838,601,5605.346108,2819
71.434343,601,5610.588544,2695
93.454545,602,5611.833105,2586
88.40404,604,5613.080636,2611
75.272727,605,5618.346093,2676
50.626263,601,5619.602642,2798
70.626263,603,5620.840733,2699
90.020202,602,5622.077993,2603
67.393939,600,5627.336361,2715
56.484848,601,5628.592238,2769
67.79798,600,5629.844941,2713
103.151515,604,5635.11246,2538
95.676768,603,5636.353188,2575
96.282828,602,5637.592694,2572
89.616162,607,5642.839956,2605
94.262626,605,5644.091063,2582
99.313131,604,5645.338362,2557
84.969697,604,5646.590868,2628
25.171717,603,5651.840483,2924
52.242424,604,5653.082436,2790
108.0,603,5654.330633,2514
71.434343,603,5659.579144,2695
95.878788,606,5660.840097,2574
72.646465,607,5662.10326,2689
60.525253,604,5667.386739,2749
87.191919,603,5668.641075,2617
69.616162,604,5669.909695,2704
73.656566,602,5671.165786,2684
64.969697,602,5676.461926,2727
99.919192,608,5677.713821,2554
14.666667,605,5678.966522,2976
69.818182,604,5684.220263,2703
80.929293,603,5685.467844,2648
105.777778,605,5686.721569,2525
80.727273,611,5687.978161,2649
115.878788,606,5693.260786,2475
53.858586,606,5694.534373,2782
58.505051,605,5695.79574,2759
113.252525,603,5701.065733,2488
80.323232,604,5702.319778,2651
48.0,601,5703.573682,2811
64.363636,602,5708.880723,2730
59.717172,602,5710.141855,2753
84.565657,607,5711.405956,2630
80.929293,604,5712.659096,2648
83.757576,603,5717.893406,2634
103.959596,601,5719.131319,2534
67.191919,601,5720.396152,2716
57.090909,607,5725.650847,2766
62.545455,606,5726.893711,2739
72.242424,603,5728.135041,2691
80.121212,604,5729.389765,2652
91.434343,603,5734.663312,2596
96.888889,604,5735.917889,2569
90.626263,603,5737.174795,2600
79.515152,606,5742.454674,2655
18.909091,606,5743.71184,2955
75.878788,604,5744.976884,2673
78.909091,607,5750.167263,2658
84.363636,603,5751.408862,2631
82.747475,603,5752.647822,2639
89.414141,601,5753.884262,2606
106.989899,606,5759.149959,2519
92.444444,601,5760.412018,2591
27.59596,600,5761.657226,2912
80.323232,609,5766.918672,2651
73.656566,603,5768.166534,2684
68.808081,603,5769.415693,2708
60.323232,606,5770.672489,2750
42.343434,604,5775.933427,2839
78.707071,600,5777.170972,2659
97.89899,603,5778.426583,2564
62.949495,605,5783.694528,2737
81.535354,605,5784.943479,2645
54.666667,605,5786.195017,2778
77.69697,602,5791.418424,2664
77.89899,601,5792.672506,2663
81.333333,602,5793.923661,2646
50.222222,606,5795.198228,2800
90.424242,608,5800.435023,2601
88.808081,604,5801.679078,2609
103.555556,606,5802.927954,2536
70.222222,605,5808.190446,2701
69.414141,602,5809.437156,2705
72.848485,605,5810.68658,2688
61.939394,603,5811.927032,2742
60.525253,604,5817.189508,2749
114.666667,603,5818.440968,2481
75.272727,604,5819.69971,2676
30.222222,613,5824.993347,2899
90.424242,605,5826.258774,2601
66.585859,604,5827.515221,2719
88.606061,602,5832.776007,2610
90.222222,612,5834.054659,2602
84.565657,606,5835.303532,2630
44.969697,605,5836.555764,2826
121.535354,604,5841.826486,2447
72.040404,604,5843.072517,2692
87.59596,606,5844.321954,2615
90.222222,605,5849.538169,2602
104.161616,602,5850.779103,2533
82.949495,602,5852.017389,2638
81.535354,603,5857.274531,2645
71.838384,604,5858.532597,2693
96.484848,600,5859.78183,2571
77.494949,602,5861.04149,2665
70.626263,604,5866.320715,2699
89.414141,608,5867.590158,2606
98.505051,605,5868.849648,2561
77.89899,609,5874.131223,2663
64.161616,601,5875.386846,2731
82.141414,604,5876.648463,2642
93.050505,603,5877.90405,2588
106.181818,603,5883.174902,2523
89.414141,600,5884.441084,2606
128.808081,602,5885.692389,2411
94.666667,601,5890.916865,2580
79.717172,601,5892.172363,2654
63.757576,602,5893.429565,2733
77.69697,600,5898.660004,2664
80.929293,607,5899.923973,2648
95.070707,603,5901.179201,2578
106.585859,609,5902.442211,2521
78.909091,605,5907.697508,2658
59.313131,602,5908.942194,2755
47.59596,603,5910.186904,2813
101.131313,602,5915.418497,2548
45.171717,604,5916.680772,2825
58.30303,601,5917.916976,2760
83.353535,601,5919.155057,2636
103.959596,602,5924.424304,2534
77.89899,606,5925.684731,2663
62.747475,607,5926.955732,2738
92.040404,601,5932.204723,2593
55.070707,602,5933.456245,2776
84.969697,603,5934.710819,2628
66.989899,602,5939.962981,2717
96.484848,600,5941.206602,2571
57.292929,600,5942.475968,2765
71.636364,600,5943.732764,2694
75.070707,600,5948.997006,2677
58.10101,603,5950.24457,2761
77.89899,602,5951.482542,2663
34.666667,602,5956.746017,2877
54.464646,601,5957.984898,2779
80.121212,603,5959.230877,2652
50.424242,602,5960.472354,2799
62.545455,602,5965.720377,2739
53.656566,605,5966.969719,2783
51.838384,601,5968.2055,2792
47.79798,602,5973.464466,2812
33.454545,602,5974.709604,2883
63.353535,603,5975.949408,2735
66.989899,600,5981.203094,2717
62.545455,604,5982.474272,2739
97.69697,602,5983.730737,2565
64.565657,604,5984.989916,2729
56.484848,604,5990.242941,2769
95.272727,602,5991.484755,2577
59.515152,603,5992.736143,2754
104.363636,601,5997.96627,2532
61.939394,607,5999.22054,2742
89.414141,604,6000.474285,2606
103.151515,601,6001.710774,2538
66.383838,605,6006.936955,2720
58.505051,606,6008.190409,2759
88.606061,604,6009.445869,2610
79.111111,606,6014.718481,2657
35.878788,609,6015.98305,2871
68.20202,604,6017.239744,2711
97.69697,606,6022.516544,2565
84.969697,603,6023.770936,2628
58.30303,603,6025.02635,2760
92.040404,605,6026.28618,2593
53.050505,604,6031.559182,2786
30.424242,603,6032.826362,2898
88.20202,607,6034.086385,2612
86.383838,604,6039.355654,2621
52.242424,605,6040.613606,2790
90.222222,608,6041.876108,2602
74.262626,601,6043.137574,2681
84.565657,605,6048.412381,2630
73.454545,602,6049.659289,2685
51.838384,605,6050.905864,2792
77.89899,604,6056.149661,2663
61.535354,603,6057.412402,2744
71.232323,607,6058.668635,2696
39.919192,605,6063.946734,2851
77.69697,601,6065.189652,2664
57.292929,605,6066.438655,2765
85.979798,602,6067.680525,2623
31.232323,605,6072.970066,2894
39.313131,602,6074.228159,2854
85.979798,602,6075.487934,2623
85.575758,603,6080.763446,2625
100.323232,604,6082.02069,2552
88.808081,601,6083.277021,2609
38.505051,602,6088.546587,2858
95.272727,605,6089.80911,2577
68.606061,607,6091.070493,2709
92.242424,600,6092.314496,2592
